<?xml version="1.0" encoding="UTF-8"?>
<root>
  <item name="com.afollestad.materialcab.MaterialCab MaterialCab(android.support.v7.app.AppCompatActivity, int) 1">
    <annotation name="android.support.annotation.IdRes" />
  </item>
  <item name="com.afollestad.materialcab.MaterialCab com.afollestad.materialcab.MaterialCab reset()">
    <annotation name="android.support.annotation.UiThread" />
  </item>
  <item name="com.afollestad.materialcab.MaterialCab com.afollestad.materialcab.MaterialCab restoreState(android.os.Bundle, android.support.v7.app.AppCompatActivity, com.afollestad.materialcab.MaterialCab.Callback)">
    <annotation name="android.support.annotation.UiThread" />
  </item>
  <item name="com.afollestad.materialcab.MaterialCab com.afollestad.materialcab.MaterialCab setBackgroundColor(int)">
    <annotation name="android.support.annotation.UiThread" />
  </item>
  <item name="com.afollestad.materialcab.MaterialCab com.afollestad.materialcab.MaterialCab setBackgroundColor(int) 0">
    <annotation name="android.support.annotation.ColorInt" />
  </item>
  <item name="com.afollestad.materialcab.MaterialCab com.afollestad.materialcab.MaterialCab setBackgroundColorAttr(int)">
    <annotation name="android.support.annotation.UiThread" />
  </item>
  <item name="com.afollestad.materialcab.MaterialCab com.afollestad.materialcab.MaterialCab setBackgroundColorAttr(int) 0">
    <annotation name="android.support.annotation.AttrRes" />
  </item>
  <item name="com.afollestad.materialcab.MaterialCab com.afollestad.materialcab.MaterialCab setBackgroundColorRes(int)">
    <annotation name="android.support.annotation.UiThread" />
  </item>
  <item name="com.afollestad.materialcab.MaterialCab com.afollestad.materialcab.MaterialCab setBackgroundColorRes(int) 0">
    <annotation name="android.support.annotation.ColorRes" />
  </item>
  <item name="com.afollestad.materialcab.MaterialCab com.afollestad.materialcab.MaterialCab setCloseDrawableRes(int)">
    <annotation name="android.support.annotation.UiThread" />
  </item>
  <item name="com.afollestad.materialcab.MaterialCab com.afollestad.materialcab.MaterialCab setCloseDrawableRes(int) 0">
    <annotation name="android.support.annotation.DrawableRes" />
  </item>
  <item name="com.afollestad.materialcab.MaterialCab com.afollestad.materialcab.MaterialCab setContentInsetStart(int)">
    <annotation name="android.support.annotation.UiThread" />
  </item>
  <item name="com.afollestad.materialcab.MaterialCab com.afollestad.materialcab.MaterialCab setContentInsetStartAttr(int)">
    <annotation name="android.support.annotation.UiThread" />
  </item>
  <item name="com.afollestad.materialcab.MaterialCab com.afollestad.materialcab.MaterialCab setContentInsetStartAttr(int) 0">
    <annotation name="android.support.annotation.AttrRes" />
  </item>
  <item name="com.afollestad.materialcab.MaterialCab com.afollestad.materialcab.MaterialCab setContentInsetStartRes(int)">
    <annotation name="android.support.annotation.UiThread" />
  </item>
  <item name="com.afollestad.materialcab.MaterialCab com.afollestad.materialcab.MaterialCab setContentInsetStartRes(int) 0">
    <annotation name="android.support.annotation.DimenRes" />
  </item>
  <item name="com.afollestad.materialcab.MaterialCab com.afollestad.materialcab.MaterialCab setMenu(int)">
    <annotation name="android.support.annotation.UiThread" />
  </item>
  <item name="com.afollestad.materialcab.MaterialCab com.afollestad.materialcab.MaterialCab setMenu(int) 0">
    <annotation name="android.support.annotation.MenuRes" />
  </item>
  <item name="com.afollestad.materialcab.MaterialCab com.afollestad.materialcab.MaterialCab setPopupMenuTheme(int)">
    <annotation name="android.support.annotation.UiThread" />
  </item>
  <item name="com.afollestad.materialcab.MaterialCab com.afollestad.materialcab.MaterialCab setPopupMenuTheme(int) 0">
    <annotation name="android.support.annotation.StyleRes" />
  </item>
  <item name="com.afollestad.materialcab.MaterialCab com.afollestad.materialcab.MaterialCab setTitle(java.lang.CharSequence)">
    <annotation name="android.support.annotation.UiThread" />
  </item>
  <item name="com.afollestad.materialcab.MaterialCab com.afollestad.materialcab.MaterialCab setTitleRes(int)">
    <annotation name="android.support.annotation.UiThread" />
  </item>
  <item name="com.afollestad.materialcab.MaterialCab com.afollestad.materialcab.MaterialCab setTitleRes(int) 0">
    <annotation name="android.support.annotation.StringRes" />
  </item>
  <item name="com.afollestad.materialcab.MaterialCab com.afollestad.materialcab.MaterialCab setTitleRes(int, java.lang.Object...)">
    <annotation name="android.support.annotation.UiThread" />
  </item>
  <item name="com.afollestad.materialcab.MaterialCab com.afollestad.materialcab.MaterialCab setTitleRes(int, java.lang.Object...) 0">
    <annotation name="android.support.annotation.StringRes" />
  </item>
  <item name="com.afollestad.materialcab.MaterialCab com.afollestad.materialcab.MaterialCab start(com.afollestad.materialcab.MaterialCab.Callback)">
    <annotation name="android.support.annotation.UiThread" />
  </item>
  <item name="com.afollestad.materialcab.MaterialCab mAttacherId">
    <annotation name="android.support.annotation.IdRes" />
  </item>
  <item name="com.afollestad.materialcab.MaterialCab mBackgroundColor">
    <annotation name="android.support.annotation.ColorInt" />
  </item>
  <item name="com.afollestad.materialcab.MaterialCab mCloseDrawable">
    <annotation name="android.support.annotation.DrawableRes" />
  </item>
  <item name="com.afollestad.materialcab.MaterialCab mMenu">
    <annotation name="android.support.annotation.MenuRes" />
  </item>
  <item name="com.afollestad.materialcab.MaterialCab mPopupTheme">
    <annotation name="android.support.annotation.StyleRes" />
  </item>
  <item name="com.afollestad.materialcab.MaterialCab void finish()">
    <annotation name="android.support.annotation.UiThread" />
  </item>
  <item name="com.afollestad.materialcab.MaterialCab void saveState(android.os.Bundle)">
    <annotation name="android.support.annotation.UiThread" />
  </item>
  <item name="com.afollestad.materialcab.Util int resolveColor(android.content.Context, int, int)">
    <annotation name="android.support.annotation.ColorInt" />
  </item>
  <item name="com.afollestad.materialcab.Util int resolveColor(android.content.Context, int, int) 1">
    <annotation name="android.support.annotation.AttrRes" />
  </item>
  <item name="com.afollestad.materialcab.Util int resolveDimension(android.content.Context, int, int) 1">
    <annotation name="android.support.annotation.AttrRes" />
  </item>
  <item name="com.afollestad.materialcab.Util int resolveDimension(android.content.Context, int, int) 2">
    <annotation name="android.support.annotation.DimenRes" />
  </item>
  <item name="com.afollestad.materialcab.Util int resolveInt(android.content.Context, int, int) 1">
    <annotation name="android.support.annotation.AttrRes" />
  </item>
  <item name="com.afollestad.materialcab.Util int resolveResId(android.content.Context, int, int) 1">
    <annotation name="android.support.annotation.AttrRes" />
  </item>
  <item name="com.afollestad.materialcab.Util java.lang.String resolveString(android.content.Context, int) 1">
    <annotation name="android.support.annotation.AttrRes" />
  </item>
</root>

